{
  "id": "everyone-is-john",
  "title": "Everyone is John",
  "description": "Support for Everyone is John by Michael Sullivan, a competitive roleplaying game for three or more horrible people.",
  "version": "2.1.0",
  "minimumCoreVersion": "10",
  "compatibleCoreVersion": "11",
  "compatibility": {
    "minimum": "10",
    "verified": "11"
  },
  "templateVersion": 2,
  "author": "Parker S.",
  "packs": [
    {
      "id": "how-to-play",
      "label": "How to Play",
      "system": "everyone-is-john",
      "path": "./packs/how-to-play.db",
      "type": "JournalEntry"
    },
    {
      "id": "determine-winner",
      "label": "Determine Winner",
      "system": "everyone-is-john",
      "path": "./packs/determine-winner.db",
      "type": "Macro"
    }
  ],
  "esmodules": [
    "./module/simple.js",
    "./module/eij.js"
  ],
  "styles": [
    "./styles/simple.css"
  ],
  "languages": [
    {
      "lang": "en",
      "name": "English",
      "path": "lang/en.json"
    }
  ],
  "gridDistance": 5,
  "gridUnits": "ft",
  "primaryTokenAttribute": "willpower",
  "url": "https://github.com/sparkcity/fvtt-eij",
  "manifest": "https://github.com/sparkcity/fvtt-eij/releases/latest/download/system.json",
  "download": "https://github.com/sparkcity/fvtt-eij/releases/latest/download/system.zip",
  "license": "LICENSE.txt"
}